"RegionName","CBSA Title","SizeRankMetro","PctPriceCut","DaysOnMarket","BuyerSellerIndex"
"New York","""New York-Newark-Jersey City, NY-NJ-PA""",1,13.6599056002041,157,8.39285714285714
"Los Angeles-Long Beach-Anaheim","""Los Angeles-Long Beach-Anaheim, CA""",2,14.391984564242,65,1.26984126984127
"Chicago","""Chicago-Naperville-Elgin, IL-IN-WI""",3,21.8701163396423,102,9.06746031746032
"Dallas-Fort Worth","""Dallas-Fort Worth-Arlington, TX""",4,16.7736074044631,54,2.48015873015873
"Philadelphia","""Philadelphia-Camden-Wilmington, PA-NJ-DE-MD""",5,21.3604734665577,104,9.20634920634921
"Houston","""Houston-The Woodlands-Sugar Land, TX""",6,19.5628710199676,75,5.83333333333333
"Washington","""Washington-Arlington-Alexandria, DC-VA-MD-WV""",7,18.32996786212,75,5.11904761904762
"Miami-Fort Lauderdale","""Miami-Fort Lauderdale-West Palm Beach, FL""",8,12.5433931016911,105,3.29365079365079
"Atlanta","""Atlanta-Sandy Springs-Roswell, GA""",9,15.6228943625066,76,2.91666666666667
"Boston","""Boston-Cambridge-Newton, MA-NH""",10,15.6980979360583,75,2.77777777777778
"San Francisco","""San Francisco-Oakland-Hayward, CA""",11,11.4215975086272,47,0.0992063492063492
"Detroit","""Detroit-Warren-Dearborn, MI""",12,19.8560436832961,87,7.34126984126984
"Riverside","""Riverside-San Bernardino-Ontario, CA""",13,14.6199635275092,79,2.51984126984127
"Phoenix","""Phoenix-Mesa-Scottsdale, AZ""",14,19.5914893617021,70,5.13888888888889
"Seattle","""Seattle-Tacoma-Bellevue, WA""",15,12.9758784594198,49,0.416666666666667
"Minneapolis-St Paul","""Minneapolis-St. Paul-Bloomington, MN-WI""",16,19.349244740565,79,6.34920634920635
"San Diego","""San Diego-Carlsbad, CA""",17,13.2119364671908,61,0.615079365079365
"St. Louis","""St. Louis, MO-IL""",18,18.5430770657516,76,5.53571428571429
"Tampa","""Tampa-St. Petersburg-Clearwater, FL""",19,16.3859623089479,82,4.48412698412698
"Baltimore","""Baltimore-Columbia-Towson, MD""",20,20.9324170662975,104,9.1468253968254
"Denver","""Denver-Aurora-Lakewood, CO""",21,13.7188796680498,53,0.734126984126984
"Pittsburgh","""Pittsburgh, PA""",22,19.1776674336926,96,8.31349206349206
"Portland","""Portland-Vancouver-Hillsboro, OR-WA""",23,17.6374877969411,56,3.05555555555556
"Charlotte","""Charlotte-Concord-Gastonia, NC-SC""",24,12.9195780243869,76,0.972222222222222
"Sacramento","""Sacramento--Roseville--Arden-Arcade, CA""",25,13.749186576183,57,0.793650793650794
"San Antonio","""San Antonio-New Braunfels, TX""",26,18.515931907464,71,4.74206349206349
"Orlando","""Orlando-Kissimmee-Sanford, FL""",27,16.5654305200341,87,5.25793650793651
"Cincinnati","""Cincinnati, OH-KY-IN""",28,17.4346793349169,88,6.21031746031746
"Cleveland","""Cleveland-Elyria, OH""",29,17.7971704350126,93,7.16269841269841
"Kansas City","""Kansas City, MO-KS""",30,16.6994403267282,73,3.39285714285714
"Las Vegas","""Las Vegas-Henderson-Paradise, NV""",31,15.9963940501828,72,2.75793650793651
"Columbus","""Columbus, OH""",32,15.8391979176709,70,2.40079365079365
"Indianapolis","""Indianapolis-Carmel-Anderson, IN""",33,17.9150240911082,98,8.07539682539683
"San Jose","""San Jose-Sunnyvale-Santa Clara, CA""",34,13.5105448154657,46,0.515873015873016
"Austin","""Austin-Round Rock, TX""",35,18.1347582867162,58,3.49206349206349
"Virginia Beach","""Virginia Beach-Norfolk-Newport News, VA-NC""",36,18.99662140626,93,7.95634920634921
"Nashville","""Nashville-Davidson--Murfreesboro--Franklin, TN""",37,12.236212094343,64,0.297619047619048
"Providence","""Providence-Warwick, RI-MA""",38,15.831624182049,91,5.1984126984127
"Milwaukee","""Milwaukee-Waukesha-West Allis, WI""",39,16.4171399070728,91,5.89285714285714
"Jacksonville","""Jacksonville, FL""",40,18.5383110040644,90,7.1031746031746
"Memphis","""Memphis, TN-MS-AR""",41,14.4891640866873,85,2.85714285714286
"Oklahoma City","""Oklahoma City, OK""",42,16.6181969256336,88,5.41666666666667
"Louisville/Jefferson County","""Louisville/Jefferson County, KY-IN""",43,17.1633345907205,74,4.06746031746032
"Hartford","""Hartford-West Hartford-East Hartford, CT""",44,21.4278418956184,110,9.34523809523809
"Richmond","""Richmond, VA""",45,18.15578465063,78,5.49603174603175
"New Orleans","""New Orleans-Metairie, LA""",46,13.0800210120819,93,2.26190476190476
"Buffalo","""Buffalo-Cheektowaga-Niagara Falls, NY""",47,16.6011436740529,108,8.21428571428571
"Raleigh","""Raleigh, NC""",48,13.7296094908552,61,0.892857142857143
"Birmingham","""Birmingham-Hoover, AL""",49,14.3698854337152,90,3.23412698412698
"Salt Lake City","""Salt Lake City, UT""",50,14.1217564870259,68,1.23015873015873
"Rochester","""Rochester, NY""",51,17.0974889217134,103,8.13492063492063
"Grand Rapids","""Grand Rapids-Wyoming, MI""",52,18.811544991511,75,5.37698412698413
"Tucson","""Tucson, AZ""",53,13.9227023737066,86,2.3015873015873
"Urban Honolulu","""Urban Honolulu, HI""",54,10.4419509961072,71,0.138888888888889
"Tulsa","""Tulsa, OK""",55,16.3292311763927,91,5.63492063492064
"Fresno","""Fresno, CA""",56,15.4414125200642,69,2.1031746031746
"Worcester","""Worcester, MA-CT""",57,16.9985661940417,90,6.13095238095238
"Stamford","""Bridgeport-Stamford-Norwalk, CT""",58,19.0562203657711,119,9.52380952380952
"Albuquerque","""Albuquerque, NM""",59,23.574144486692,91,8.23412698412698
"Albany","""Albany-Schenectady-Troy, NY""",60,16.2107237767704,122,8.92857142857143
"Omaha","""Omaha-Council Bluffs, NE-IA""",61,21.9791666666667,67.5,5.23809523809524
"New Haven","""New Haven-Milford, CT""",62,19.6398184912082,115,9.40476190476191
"Bakersfield","""Bakersfield, CA""",63,14.6240234375,82,2.79761904761905
"Knoxville","""Knoxville, TN""",64,12.0025812002581,99,2.16269841269841
"Greenville","""Greenville-Anderson-Mauldin, SC""",65,15.0924702774108,87,3.65079365079365
"Ventura","""Oxnard-Thousand Oaks-Ventura, CA""",66,15.7384987893462,67,2.20238095238095
"Allentown","""Allentown-Bethlehem-Easton, PA-NJ""",67,18.5916839254421,103,8.76984126984127
"El Paso","""El Paso, TX""",68,13.5179535320347,123.5,6.66666666666667
"Baton Rouge","""Baton Rouge, LA""",69,10.126582278481,91,0.496031746031746
"Dayton","""Dayton, OH""",70,15.7721194357941,97.5,6.26984126984127
"McAllen","""McAllen-Edinburg-Mission, TX""",71,9.39467312348668,130,2.87698412698413
"Columbia","""Columbia, SC""",72,16.8412822517592,101,7.77777777777778
"Akron","""Akron, OH""",73,17.6893084342294,94,7.32142857142857
"North Port-Sarasota-Bradenton","""North Port-Sarasota-Bradenton, FL""",74,13.0229419703104,96,2.59920634920635
"Little Rock","""Little Rock-North Little Rock-Conway, AR""",75,16.219470244238,99,6.86507936507936
"Stockton","""Stockton-Lodi, CA""",76,13.1809338521401,65,0.674603174603175
"Charleston","""Charleston-North Charleston, SC""",77,15.7284768211921,89,4.68253968253968
"Syracuse","""Syracuse, NY""",78,17,113,8.69047619047619
"Colorado Springs","""Colorado Springs, CO""",79,13.71975019516,60,0.813492063492063
"Winston-Salem","""Winston-Salem, NC""",80,12.1198668146504,103,2.63888888888889
"Wichita","""Wichita, KS""",81,18.3356070941337,72,4.76190476190476
"Springfield","""Springfield, MA""",82,18.5007974481659,94,7.87698412698413
"Fort Myers","""Cape Coral-Fort Myers, FL""",83,13.6689308644273,105,4.90079365079365
"Boise City","""Boise City, ID""",84,22.4643423137876,60,4.98015873015873
"Toledo","""Toledo, OH""",85,14.0579325006644,98,4.58333333333333
"Madison","""Madison, WI""",86,16.4152617568767,77,3.73015873015873
"Lakeland","""Lakeland-Winter Haven, FL""",87,14.3762376237624,96,4.46428571428571
"Ogden","""Ogden-Clearfield, UT""",88,16.2400335711288,65.5,2.46031746031746
"Daytona Beach","""Deltona-Daytona Beach-Ormond Beach, FL""",89,15.9509202453988,103,7.26190476190476
"Des Moines","""Des Moines-West Des Moines, IA""",90,14.6594274432379,77,2.34126984126984
"Jackson","""Jackson, MS""",91,13.91516631065,95,3.53174603174603
"Youngstown","""Youngstown-Warren-Boardman, OH-PA""",92,16.728716803177,112,8.47222222222222
"Augusta","""Augusta-Richmond County, GA-SC""",93,12.1978021978022,96,1.92460317460317
"Scranton","""Scranton--Wilkes-Barre--Hazleton, PA""",94,15.5783582089552,130,8.96825396825397
"Harrisburg","""Harrisburg-Carlisle, PA""",95,17.5139806812405,86,6.01190476190476
"Melbourne","""Palm Bay-Melbourne-Titusville, FL""",96,12.7172530733362,83,1.21031746031746
"Chattanooga","""Chattanooga, TN-GA""",97,14.5150194909424,90.5,3.46230158730159
"Spokane","""Spokane-Spokane Valley, WA""",98,17.88876276958,70,4.10714285714286
"Provo","""Provo-Orem, UT""",99,13.0274477673085,65,0.575396825396825
"Lancaster","""Lancaster, PA""",100,17.8094390026714,91,6.82539682539683
"Modesto","""Modesto, CA""",101,15.4094827586207,65,1.96428571428571
"Portland","""Portland-South Portland, ME""",102,15.8224016145308,91,5.15873015873016
"Durham","""Durham-Chapel Hill, NC""",103,13.66930171278,64,0.873015873015873
"Santa Rosa","""Santa Rosa, CA""",104,16.6379804934022,51,2.32142857142857
"Lexington","""Lexington-Fayette, KY""",105,14.7182923802432,69,1.66666666666667
"Lansing","""Lansing-East Lansing, MI""",106,14.4227793252863,93,3.76984126984127
"Fayetteville","""Fayetteville-Springdale-Rogers, AR-MO""",107,14.7477360931436,94,4.72222222222222
"Pensacola","""Pensacola-Ferry Pass-Brent, FL""",108,16.3560568906327,98,6.78571428571429
"Visalia","""Visalia-Porterville, CA""",109,13.5774218154081,79.5,1.52777777777778
"Shreveport","""Shreveport-Bossier City, LA""",110,17.4929178470255,112,8.80952380952381
"Springfield","""Springfield, MO""",111,22.1826507250064,82,7.06349206349206
"York","""York-Hanover, PA""",112,16.7586206896552,95,6.6468253968254
"Corpus Christi","""Corpus Christi, TX""",113,15.010460251046,118,8.01587301587302
"Flint","""Flint, MI""",114,19.2384769539078,115,9.38492063492063
"Reno","""Reno, NV""",115,19.4029850746269,61,4.56349206349206
"Asheville","""Asheville, NC""",116,16.4414414414414,96,6.54761904761905
"Port St. Lucie","""Port St. Lucie, FL""",117,15.1016260162602,96,5.33730158730159
"Santa Maria-Santa Barbara","""Santa Maria-Santa Barbara, CA""",118,13.7742718446602,76,1.48809523809524
"Huntsville","""Huntsville, AL""",119,17.2421948912015,112,8.73015873015873
"Salinas","""Salinas, CA""",120,14.5412130637636,71,1.58730158730159
"Vallejo","""Vallejo-Fairfield, CA""",121,18.7538179596823,56,3.80952380952381
"Mobile","""Mobile, AL""",122,16.8428005284016,111,8.49206349206349
"Reading","""Reading, PA""",123,16.7162909400255,110,8.37301587301587
"Brownsville","""Brownsville-Harlingen, TX""",124,10.4671280276817,104,1.54761904761905
"Killeen","""Killeen-Temple, TX""",125,12.2308354866494,94,1.68650793650794
"Canton","""Canton-Massillon, OH""",126,18.5593220338983,92,7.61904761904762
"Beaumont","""Beaumont-Port Arthur, TX""",127,14.0730717185386,83,2.28174603174603
"Manchester","""Manchester-Nashua, NH""",128,17.0515097690941,80,5.01984126984127
"Salem","""Salem, OR""",129,11.7480823576908,73,0.317460317460317
"Anchorage","""Anchorage, AK""",130,22.2039473684211,81,6.94444444444444
"Davenport","""Davenport-Moline-Rock Island, IA-IL""",131,17.0223084384093,101,7.97619047619048
"Peoria","""Peoria, IL""",132,24.7931678676274,108,9.36507936507937
"Myrtle Beach","""Myrtle Beach-Conway-North Myrtle Beach, SC-NC""",133,12.5291763921307,141,6.56746031746032
"Montgomery","""Montgomery, AL""",134,15.0965476887068,110,7.14285714285714
"Salisbury","""Salisbury, MD-DE""",135,12.7534685165422,135,6.60714285714286
"Tallahassee","""Tallahassee, FL""",136,13.4792626728111,92,2.42063492063492
"Trenton","""Trenton, NJ""",137,18.413059984814,119,9.42460317460317
"Fayetteville","""Fayetteville, NC""",138,10.8471892319873,115,2.5
"Hickory","""Hickory-Lenoir-Morganton, NC""",139,10.0721500721501,116,2.08333333333333
"Huntington","""Huntington-Ashland, WV-KY-OH""",140,16.7085427135678,171,9.82142857142857
"Eugene","""Eugene, OR""",141,17.7119919719017,70,3.82936507936508
"Rockford","""Rockford, IL""",142,19.8966408268734,88,7.53968253968254
"Savannah","""Savannah, GA""",143,15.6779661016949,105,7.20238095238095
"Ann Arbor","""Ann Arbor, MI""",144,15.8954584404456,76,3.27380952380952
"Ocala","""Ocala, FL""",145,10.3474706182933,98,1.11111111111111
"Kalamazoo","""Kalamazoo-Portage, MI""",146,16.8774846404048,97,7.24206349206349
"Naples","""Naples-Immokalee-Marco Island, FL""",147,11.3128085971536,116,2.99603174603175
"South Bend","""South Bend-Mishawaka, IN-MI""",148,18.8746123172353,88,7.08333333333333
"Spartanburg","""Spartanburg, SC""",149,13.9769452449568,105,5.35714285714286
"Evansville","""Evansville, IN-KY""",150,18.9912506433351,100,8.63095238095238
"Kingsport","""Kingsport-Bristol-Bristol, TN-VA""",151,12.595041322314,119,5.21825396825397
"Roanoke","""Roanoke, VA""",152,18.0380767989674,130,9.70238095238095
"Green Bay","""Green Bay, WI""",153,12.5797306874557,78,0.952380952380952
"Lincoln","""Lincoln, NE""",154,17.0793650793651,72,3.59126984126984
"Fort Collins","""Fort Collins, CO""",155,12.8237259816207,60,0.436507936507937
"Utica","""Utica-Rome, NY""",156,15.1106314085267,171.5,9.44444444444444
"Columbus","""Columbus, GA-AL""",157,14.8330804248862,114,7.55952380952381
"Boulder","""Boulder, CO""",158,15.7953281423804,53,1.82539682539683
"Lubbock","""Lubbock, TX""",159,16.3860103626943,79.5,4.08730158730159
"Erie","""Erie, PA""",160,19.0998902305159,122,9.64285714285714
"Fort Smith","""Fort Smith, AR-OK""",161,9.68032417829806,100,1.0515873015873
"Duluth","""Duluth, MN-WI""",162,15.3908464965573,97,5.97222222222222
"Atlantic City","""Atlantic City-Hammonton, NJ""",163,15.9804321239299,172,9.66269841269841
"New London","""Norwich-New London, CT""",164,17.7726926010679,118,9.26587301587302
"San Luis Obispo","""San Luis Obispo-Paso Robles-Arroyo Grande, CA""",165,14.612676056338,74,1.98412698412698
"Gainesville","""Gainesville, FL""",166,13.5964912280702,87,2.04365079365079
"Santa Cruz","""Santa Cruz-Watsonville, CA""",167,17.578125,57,3.07539682539683
"Clarksville","""Clarksville, TN-KY""",168,11.2874143526866,92,1.01190476190476
"Merced","""Merced, CA""",169,11.8798955613577,77,0.535714285714286
"Wilmington","""Wilmington, NC""",170,13.0909090909091,87,1.6468253968254
"Kennewick","""Kennewick-Richland, WA""",171,14.5116918844567,64,1.34920634920635
"Greeley","""Greeley, CO""",172,12.6528442317916,57,0.376984126984127
"Waco","""Waco, TX""",173,11.6040955631399,112,2.73809523809524
"Lynchburg","""Lynchburg, VA""",174,16.4402173913043,114,8.53174603174603
"Olympia","""Olympia-Tumwater, WA""",175,13.898916967509,65,1.03174603174603
"Amarillo","""Amarillo, TX""",176,17.607223476298,92,6.84523809523809
"Binghamton","""Binghamton, NY""",177,18.75,164,9.94047619047619
"Hagerstown","""Hagerstown-Martinsburg, MD-WV""",178,17.5349428208386,133,9.6031746031746
"Bremerton","""Bremerton-Silverdale, WA""",179,15.1992129857354,61,1.70634920634921
"Laredo","""Laredo, TX""",180,9.89010989010989,93,0.634920634920635
"Yakima","""Yakima, WA""",181,9.58781362007169,70,0.0396825396825397
"Crestview-Fort Walton Beach-Destin","""Crestview-Fort Walton Beach-Destin, FL""",182,13.8649425287356,115,6.28968253968254
"Topeka","""Topeka, KS""",183,17.3553719008264,73,4.02777777777778
"Macon","""Macon, GA""",184,14.0453074433657,100,4.86111111111111
"Champaign-Urbana","""Champaign-Urbana, IL""",185,17.8025851938895,97.5,7.99603174603175
"Tuscaloosa","""Tuscaloosa, AL""",186,9.95670995670996,103,1.19047619047619
"College Station","""College Station-Bryan, TX""",187,8.34224598930481,62,0.0198412698412698
"Charleston","""Charleston, WV""",188,17.2563625077592,146,9.76190476190476
"Appleton","""Appleton, WI""",189,10.8092485549133,91,0.773809523809524
"Chico","""Chico, CA""",190,16.9149868536372,69,3.25396825396825
"Charlottesville","""Charlottesville, VA""",191,14.1043723554302,93,3.51190476190476
"Claremont","""Claremont-Lebanon, NH-VT""",192,10.701197165893,130,3.69047619047619
"Cape Cod","""Barnstable Town, MA""",193,13.9342523860021,109,5.79365079365079
"Longview","""Longview, TX""",194,15.6710628394104,160,9.48412698412698
"Burlington","""Burlington-South Burlington, VT""",195,15.1685393258427,96,5.3968253968254
"Prescott","""Prescott, AZ""",196,14.809540761837,83,3.17460317460317
"Springfield","""Springfield, IL""",197,22.3918575063613,85,7.5
"Tyler","""Tyler, TX""",198,15.2920962199313,96,5.61507936507936
"Las Cruces","""Las Cruces, NM""",199,12.6740947075209,133,6.52777777777778
"Fargo","""Fargo, ND-MN""",200,18.2121971595656,79,5.77380952380952
"Houma","""Houma-Thibodaux, LA""",201,10.8163265306122,121,3.21428571428571
"Florence","""Florence, SC""",202,11.1111111111111,102,1.60714285714286
"Medford","""Medford, OR""",203,13.362381989833,76,1.15079365079365
"Lafayette-West Lafayette","""Lafayette-West Lafayette, IN""",204,18.2261208576998,73,4.8015873015873
"Bellingham","""Bellingham, WA""",205,11.9446047316792,70,0.337301587301587
"Lake Havasu City","""Lake Havasu City-Kingman, AZ""",206,15.3371529308065,110,7.38095238095238
"Saginaw","""Saginaw, MI""",207,16.1425576519916,124,9.04761904761905
"Lake Charles","""Lake Charles, LA""",208,15.3769841269841,88.5,4.34523809523809
"Johnson City","""Johnson City, TN""",209,14.8608644168147,115,7.65873015873016
"Elkhart","""Elkhart-Goshen, IN""",210,19.4600674915636,77,6.19047619047619
"Yuma","""Yuma, AZ""",211,9.52380952380952,117,1.94444444444444
"Racine","""Racine, WI""",212,14.5038167938931,103,5.8531746031746
"Athens","""Athens-Clarke County, GA""",213,9.64401294498382,88,0.357142857142857
"Torrington","""Torrington, CT""",214,17.0295489891135,137,9.56349206349206
"Hilton Head Island","""Hilton Head Island-Bluffton-Beaufort, SC""",215,14.2688400661469,125,7.93650793650794
"Bloomington","""Bloomington, IL""",216,23.0925050641458,128,9.90079365079365
"Hilo","""Hilo, HI""",217,11.6618075801749,145,5.87301587301587
"Panama City","""Panama City, FL""",218,14.6864686468647,112,6.88492063492064
"Kingston","""Kingston, NY""",219,16.999429549344,203,9.92063492063492
"Daphne","""Daphne-Fairhope-Foley, AL""",220,13.7624014245739,119,6.58730158730159
"Gainesville","""Gainesville, GA""",221,14.3061516452074,96,4.36507936507936
"Warner Robins","""Warner Robins, GA""",222,10.4257641921397,103,1.42857142857143
"Jacksonville","""Jacksonville, NC""",223,13.932664756447,94,3.41269841269841
"Redding","""Redding, CA""",224,18.6473429951691,86,6.72619047619048
"Monroe","""Monroe, LA""",225,15.9400544959128,89,4.94047619047619
"El Centro","""El Centro, CA""",226,15.7303370786517,76,2.97619047619048
"Muskegon","""Muskegon, MI""",227,15.8690176322418,102,6.92460317460317
"East Stroudsburg","""East Stroudsburg, PA""",228,14.8121899362155,127,8.5515873015873
"Greenville","""Greenville, NC""",229,13.1741140215716,118,5.69444444444444
"Oshkosh","""Oshkosh-Neenah, WI""",230,11.051930758988,97.5,1.32936507936508
"Yuba City","""Yuba City, CA""",231,11.5916955017301,68,0.238095238095238
"Abilene","""Abilene, TX""",232,16.4298401420959,72,3.0952380952381
"Columbia","""Columbia, MO""",233,17.8781925343811,81,5.81349206349206
"Dover","""Dover, DE""",234,16.7554766133807,112,8.51190476190476
"Eau Claire","""Eau Claire, WI""",235,14.5146088595664,82,2.61904761904762
"Janesville","""Janesville-Beloit, WI""",236,12.5780553077609,89,1.46825396825397
"Jackson","""Jackson, MI""",237,16.5895571711831,110,8.33333333333333
"Punta Gorda","""Punta Gorda, FL""",238,11.8368819920606,103,2.24206349206349
"Pueblo","""Pueblo, CO""",239,19.9376947040498,73,5.65476190476191
"Billings","""Billings, MT""",240,23.2307692307692,73,6.07142857142857
"Bend","""Bend-Redmond, OR""",241,19.2738509076864,74,5.55555555555556
"Albany","""Albany, GA""",242,13.821892393321,122.5,7.22222222222222
"Vineland","""Vineland-Bridgeton, NJ""",243,15.1690024732069,131,8.90873015873016
"Niles","""Niles-Benton Harbor, MI""",244,14.7015293537247,91,3.92857142857143
"Kahului","""Kahului-Wailuku-Lahaina, HI""",245,9.29336188436831,128,2.6984126984127
"State College","""State College, PA""",246,16.4533820840951,79,4.16666666666667
"Decatur","""Decatur, AL""",247,13.8706654170572,124,7.40079365079365
"Hanford","""Hanford-Corcoran, CA""",248,9.88372093023256,74,0.119047619047619
"Rocky Mount","""Rocky Mount, NC""",249,12.4324324324324,164,7.44047619047619
"Monroe","""Monroe, MI""",250,18.2712579058327,126.5,9.58333333333333
"Burlington","""Burlington, NC""",251,13.7184115523466,97,3.57142857142857
"Madera","""Madera, CA""",252,14.3968871595331,98,4.92063492063492
"Chambersburg","""Chambersburg-Waynesboro, PA""",253,17.6361957525392,149,9.86111111111111
"Elizabethtown","""Elizabethtown-Fort Knox, KY""",254,17.7777777777778,123,9.46428571428571
"Pottsville","""Pottsville, PA""",255,14.437984496124,129.5,8.29365079365079
"Wheeling","""Wheeling, WV-OH""",256,16.504854368932,116.5,8.75
"Grand Junction","""Grand Junction, CO""",257,15.7438292194797,76,3.01587301587302
"Concord","""Concord, NH""",258,15.0749802683504,91,4.54365079365079
"Dothan","""Dothan, AL""",259,13.5662063363119,149,8.19444444444444
"Santa Fe","""Santa Fe, NM""",260,16.0337552742616,118.5,8.59126984126984
"Traverse City","""Traverse City, MI""",261,12.7362055933485,203.5,8.3531746031746
"Dalton","""Dalton, GA""",262,12.7868852459016,100,2.95634920634921
"Greensboro","""Greensboro-High Point, NC""",263,12.9704443971933,93,2.12301587301587
"Midland","""Midland, TX""",264,23.2991612301957,84.5,7.51984126984127
"Homosassa Springs","""Homosassa Springs, FL""",265,10.976253298153,117,2.83730158730159
"Valdosta","""Valdosta, GA""",266,12.4576271186441,130,6.0515873015873
"Springfield","""Springfield, OH""",267,14.0534262485482,97,4.18650793650794
"St. George","""St. George, UT""",268,13.9018691588785,85,2.22222222222222
"Vero Beach","""Sebastian-Vero Beach, FL""",269,9.7842448569995,105.5,1.38888888888889
"Odessa","""Odessa, TX""",270,18.3333333333333,93.5,7.67857142857143
"Napa","""Napa, CA""",271,15.7281553398058,58,1.86507936507937
"Battle Creek","""Battle Creek, MI""",272,18.5466377440347,129,9.74206349206349
"Jamestown","""Jamestown-Dunkirk-Fredonia, NY""",273,12.5984251968504,154,7.42063492063492
"Eureka","""Eureka-Arcata-Fortuna, CA""",274,12.7035830618893,85,1.28968253968254
"Flagstaff","""Flagstaff, AZ""",275,14.365522745411,75,1.72619047619048
"Wausau","""Wausau, WI""",276,13.2171387073348,106,4.42460317460317
"La Crosse","""La Crosse-Onalaska, WI-MN""",277,16.8356997971602,69,3.1547619047619
"Lebanon","""Lebanon, PA""",278,13.2762312633833,121,6.32936507936508
"Sierra Vista","""Sierra Vista-Douglas, AZ""",279,13.3746678476528,120,6.30952380952381
"Pittsfield","""Pittsfield, MA""",280,11.6860465116279,131,5.05952380952381
"Lawton","""Lawton, OK""",281,13.5610766045549,127.5,7.02380952380952
"Jackson","""Jackson, TN""",282,13.9795918367347,119,6.98412698412698
"Glens Falls","""Glens Falls, NY""",283,13.2428940568475,174,8.41269841269841
"Winchester","""Winchester, VA-WV""",284,16.3282571912014,76,3.43253968253968
"Altoona","""Altoona, PA""",285,20.3020134228188,90.5,7.83730158730159
"Harrisonburg","""Harrisonburg, VA""",286,11.3557358053302,123,3.98809523809524
"Sherman","""Sherman-Denison, TX""",287,12.9488574537541,82.5,1.30952380952381
"Staunton","""Staunton-Waynesboro, VA""",288,13.8036809815951,113.5,6.03174603174603
"Muncie","""Muncie, IN""",289,16.3865546218487,109,8.05555555555556
"Mount Vernon","""Mount Vernon-Anacortes, WA""",290,11.219946571683,65.5,0.178571428571429
"Albany","""Albany, OR""",291,11.8733509234828,75,0.456349206349206
"Watertown","""Watertown-Fort Drum, NY""",292,16.4131305044035,180.5,9.8015873015873
"Cleveland","""Cleveland, TN""",293,12.8860489882854,107,3.78968253968254
"Sheboygan","""Sheboygan, WI""",294,12.5547445255474,112,3.75
"Bismarck","""Bismarck, ND""",295,18.2866556836903,94,7.71825396825397
"Dunn","""Dunn, NC""",296,12.5888324873096,122,5.47619047619048
"Wooster","""Wooster, OH""",297,13.5306553911205,102,3.88888888888889
"Morristown","""Morristown, TN""",298,9.58702064896755,139,3.46230158730159
"Kankakee","""Kankakee, IL""",299,18.2735426008969,113,9.16666666666667
"Brunswick","""Brunswick, GA""",300,9.53785644051131,116,1.9047619047619
"Ogdensburg","""Ogdensburg-Massena, NY""",301,11.3441372735939,191,6.70634920634921
"Michigan City","""Michigan City-La Porte, IN""",302,19.693094629156,169.5,10
"Holland","""Holland, MI""",303,13.0268199233716,112,4.66269841269841
"Wenatchee","""Wenatchee, WA""",304,9.4834232845027,90,0.396825396825397
"Missoula","""Missoula, MT""",305,12.0315581854043,77.5,0.694444444444444
"Salem","""Salem, OH""",306,14.525993883792,144.5,8.86904761904762
"Bay City","""Bay City, MI""",307,17.0658682634731,98,7.57936507936508
"Roseburg","""Roseburg, OR""",308,11.5384615384615,112,2.71825396825397
"Sumter","""Sumter, SC""",309,12.4373119358074,135,6.38888888888889
"Show Low","""Show Low, AZ""",310,14.527027027027,166,9.24603174603175
"Lima","""Lima, OH""",311,13.8504155124654,109,5.45634920634921
"Cookeville","""Cookeville, TN""",312,9.13838120104439,131,2.8968253968254
"California-Lexington Park","""California-Lexington Park, MD""",313,17.3199635369189,162,9.88095238095238
"Cumberland","""Cumberland, MD-WV""",314,13.6413641364136,278.5,9.10714285714286
"Longview","""Longview, WA""",315,16.0337552742616,79,3.61111111111111
"Whitewater","""Whitewater-Elkhorn, WI""",316,12.5931445603577,119,5.17857142857143
"Fond du Lac","""Fond du Lac, WI""",317,13.8445154419595,130.5,7.8968253968254
"Ithaca","""Ithaca, NY""",318,19.1304347826087,99,8.61111111111111
"Ashtabula","""Ashtabula, OH""",319,17.5598631698974,118,9.22619047619048
"Tullahoma","""Tullahoma-Manchester, TN""",320,10.9742441209407,87,0.595238095238095
"Adrian","""Adrian, MI""",321,13.9140271493213,98.5,4.44444444444444
"Corning","""Corning, NY""",322,16.5094339622642,144.5,9.54365079365079
"Sebring","""Sebring, FL""",323,7.43380855397149,108,1.09126984126984
"Truckee","""Truckee-Grass Valley, CA""",324,21.1752786220871,73.5,5.91269841269841
"Fairbanks","""Fairbanks, AK""",325,17.1232876712329,80,5.07936507936508
"Ocean City","""Ocean City, NJ""",326,15.3174415860279,210.5,9.68253968253968
"Mankato","""Mankato-North Mankato, MN""",327,24.2299794661191,97,8.78968253968254
"Cape Girardeau","""Cape Girardeau, MO-IL""",328,12,88,1.13095238095238
"Hot Springs","""Hot Springs, AR""",329,11.6599190283401,148,5.95238095238095
"Greenwood","""Greenwood, SC""",330,11.9565217391304,131,5.57539682539683
"Sunbury","""Sunbury, PA""",331,9.38215102974828,168,4.62301587301587
"Dubuque","""Dubuque, IA""",332,22.0164609053498,145,9.96031746031746
"The Villages","""The Villages, FL""",333,15.8403869407497,114,8.15476190476191
"Albertville","""Albertville, AL""",334,13.8794084186576,160,8.65079365079365
"Parkersburg","""Parkersburg-Vienna, WV""",335,13.9455782312925,122,7.36111111111111
"New Philadelphia","""New Philadelphia-Dover, OH""",336,15.3172866520788,86,3.71031746031746
"Orangeburg","""Orangeburg, SC""",337,9.42184154175589,231,5.43650793650794
"Cheyenne","""Cheyenne, WY""",338,15.4867256637168,58,1.76587301587302
"New Castle","""New Castle, PA""",339,14.5454545454545,119,7.75793650793651
"Kalispell","""Kalispell, MT""",340,13.0624092888244,79,1.17063492063492
"Sevierville","""Sevierville, TN""",341,8.40336134453782,151,3.5515873015873
"Bozeman","""Bozeman, MT""",342,9.10667823070252,73,0.0595238095238095
"Moses Lake","""Moses Lake, WA""",343,8.76369327073552,113.5,1.4484126984127
"Elmira","""Elmira, NY""",344,18.0869565217391,142,9.84126984126984
"Beaver Dam","""Beaver Dam, WI""",345,11.9335347432024,143.5,6.17063492063492
"Ukiah","""Ukiah, CA""",346,13.7864077669903,90,2.57936507936508
"Hermiston-Pendleton","""Hermiston-Pendleton, OR""",347,14.5695364238411,112,6.74603174603175
"Corvallis","""Corvallis, OR""",348,13.5371179039301,69,0.912698412698413
"Bloomsburg","""Bloomsburg-Berwick, PA""",349,11.8852459016393,112.5,3.31349206349206
"Watertown","""Watertown-Fort Atkinson, WI""",350,12.3159303882195,142,6.48809523809524
"Midland","""Midland, MI""",351,20.9210526315789,150.5,9.98015873015873
"Grants Pass","""Grants Pass, OR""",352,12.0405576679341,82,0.853174603174603
"Plattsburgh","""Plattsburgh, NY""",353,14.5496535796767,148,8.9484126984127
"Grand Island","""Grand Island, NE""",354,14.7727272727273,83,3.13492063492063
"Danville","""Danville, IL""",355,16.804979253112,116,8.84920634920635
"Manitowoc","""Manitowoc, WI""",356,15.4626108998733,133,9.12698412698413
"Great Falls","""Great Falls, MT""",357,11.8055555555556,82.5,0.753968253968254
"Wilson","""Wilson, NC""",358,12.573673870334,76.5,0.833333333333333
"Cullman","""Cullman, AL""",359,9.57446808510638,155.5,4.30555555555556
"Olean","""Olean, NY""",360,12.3699421965318,176,7.6984126984127
"Auburn","""Auburn, NY""",361,14.6090534979424,172.5,9.28571428571429
"Athens","""Athens, TX""",362,12.5677139761647,150.5,7.18253968253968
"Oak Harbor","""Oak Harbor, WA""",363,14.9238578680203,71,2.00396825396825
"Chillicothe","""Chillicothe, OH""",364,12.1387283236994,160.5,6.96428571428571
"Hinesville","""Hinesville, GA""",365,13.5820895522388,100.5,3.90873015873016
"Somerset","""Somerset, PA""",366,10.9809663250366,128,3.84920634920635
"Warsaw","""Warsaw, IN""",367,12.5854993160055,103,3.03571428571429
"Keene","""Keene, NH""",368,14.0518417462483,104,5.31746031746032
"Sandusky","""Sandusky, OH""",369,14.780292942743,102,6.15079365079365
"Centralia","""Centralia, WA""",370,10.9477124183007,114,2.38095238095238
"Casper","""Casper, WY""",371,20.9267563527653,72,5.59523809523809
"Helena","""Helena, MT""",372,10.3107344632768,73,0.158730158730159
"Findlay","""Findlay, OH""",373,9.63302752293578,79,0.198412698412698
"Palatka","""Palatka, FL""",374,12.4161073825503,140,6.4484126984127
"Seneca","""Seneca, SC""",375,13.6760426770126,157,8.45238095238095
"Glenwood Springs","""Glenwood Springs, CO""",376,8.78661087866109,98,0.714285714285714
"Key West","""Key West, FL""",377,8.69333333333333,140.5,3.11507936507937
"Aberdeen","""Aberdeen, WA""",378,10.8629441624365,103.5,1.62698412698413
"Greenfield Town","""Greenfield Town, MA""",379,17.3010380622837,121,9.30555555555556
"Muskogee","""Muskogee, OK""",380,13.5869565217391,148.5,8.17460317460317
"Owosso","""Owosso, MI""",381,11.731843575419,97.5,1.56746031746032
"Statesboro","""Statesboro, GA""",382,6.2992125984252,99.5,0.654761904761905
"Shawnee","""Shawnee, OK""",383,12.3110151187905,149,6.76587301587302
"Greeneville","""Greeneville, TN""",384,12.5230202578269,134,6.36904761904762
"Forest City","""Forest City, NC""",385,10.1863354037267,179.5,5.51587301587302
"Lake City","""Lake City, FL""",386,11.138014527845,119,3.3531746031746
"Kapaa","""Kapaa, HI""",387,12.3324396782842,163,7.3015873015873
"LaGrange","""LaGrange, GA""",388,8.89621087314662,96,0.555555555555556
"Morehead City","""Morehead City, NC""",389,11.5204678362573,179.5,6.62698412698413
"Klamath Falls","""Klamath Falls, OR""",390,12.0947630922693,127,5.27777777777778
"Marshall","""Marshall, TX""",391,12.4069478908189,129,5.93253968253968
"Clearlake","""Clearlake, CA""",392,15.4311649016641,92,5.03968253968254
"Faribault","""Faribault-Northfield, MN""",393,16.9398907103825,118,9.02777777777778
"Elizabeth City","""Elizabeth City, NC""",394,10.3746397694525,96.5,0.992063492063492
"Red Bluff","""Red Bluff, CA""",395,16.9811320754717,96,7.04365079365079
"Hudson","""Hudson, NY""",396,11.8448637316562,226,7.63888888888889
"Coos Bay","""Coos Bay, OR""",397,15,94,5
"Walla Walla","""Walla Walla, WA""",398,14.4787644787645,82,2.55952380952381
"Oneonta","""Oneonta, NY""",399,13.3986928104575,192,8.67063492063492
"Baraboo","""Baraboo, WI""",400,14.2265193370166,95,3.86904761904762
"Rutland","""Rutland, VT""",401,10.0917431192661,212,5.99206349206349
"Sturgis","""Sturgis, MI""",402,15.1986183074266,128,8.71031746031746
"Shelton","""Shelton, WA""",403,12.0426829268293,121,4.78174603174603
"Albemarle","""Albemarle, NC""",404,10.3896103896104,117,2.36111111111111
"Jefferson","""Jefferson, GA""",405,11.194833153929,75,0.257936507936508
"Georgetown","""Georgetown, SC""",406,13.5553834237026,164,8.43253968253968
"Laconia","""Laconia, NH""",407,12.6034958601656,114,4.50396825396825
"Oxford","""Oxford, NC""",408,9.42760942760943,82,0.218253968253968
"Norwalk","""Norwalk, OH""",409,13.953488372093,146,8.57142857142857
"Barre","""Barre, VT""",410,11.1111111111111,134.5,4.84126984126984
"Dublin","""Dublin, GA""",411,10.1694915254237,136,3.67063492063492
"Sanford","""Sanford, NC""",412,11.8705035971223,106,2.67857142857143
"Tiffin","""Tiffin, OH""",413,12.3152709359606,116,4.26587301587302
"Crossville","""Crossville, TN""",414,8.24800910125142,174,4.38492063492064
"Gloversville","""Gloversville, NY""",415,11.283185840708,177.5,6.46825396825397
"Sonora","""Sonora, CA""",416,17.0896785109983,91,6.42857142857143
"Gaffney","""Gaffney, SC""",417,4.6875,169.5,3.63095238095238
"Carson City","""Carson City, NV""",418,15.4078549848943,63.5,1.8452380952381
"Calhoun","""Calhoun, GA""",419,14.327485380117,104,5.75396825396825
"Waycross","""Waycross, GA""",420,10.8823529411765,163,5.67460317460317
"Jasper","""Jasper, IN""",421,18.6363636363636,86,6.68650793650794
"Ontario","""Ontario, OR-ID""",422,14.7147147147147,196,9.50396825396825
"Payson","""Payson, AZ""",423,10.7994389901823,98.5,1.25
"Rochelle","""Rochelle, IL""",424,17.8260869565217,115,9.18650793650794
"Galesburg","""Galesburg, IL""",425,19.2682926829268,102,8.82936507936508
"Warrensburg","""Warrensburg, MO""",426,13.091922005571,106,4.12698412698413
"Athens","""Athens, TN""",427,14.8148148148148,144,9.08730158730159
"Edwards","""Edwards, CO""",428,9.69976905311778,126,2.81746031746032
"Fernley","""Fernley, NV""",429,13.0434782608696,76,1.07142857142857
"Malone","""Malone, NY""",430,12.183908045977,193,7.79761904761905
"Durango","""Durango, CO""",431,10.7779578606159,112.5,2.18253968253968
"Boone","""Boone, NC""",432,11.7981072555205,174.5,6.90476190476191
"Bartlesville","""Bartlesville, OK""",433,19.3205944798301,91,7.73809523809524
"Elko","""Elko, NV""",434,16.1931818181818,123,8.98809523809524
"St. Marys","""St. Marys, GA""",435,13.0508474576271,100,3.33333333333333
"Amsterdam","""Amsterdam, NY""",436,8.30769230769231,191,4.70238095238095
"Enterprise","""Enterprise, AL""",437,10.261569416499,164,5.09920634920635
"Paris","""Paris, TX""",438,13.1205673758865,95.5,2.65873015873016
"Norfolk","""Norfolk, NE""",439,18.2926829268293,78,5.73412698412698
"Corsicana","""Corsicana, TX""",440,15.546218487395,98,6.23015873015873
"Ardmore","""Ardmore, OK""",441,7.83582089552239,114,1.36904761904762
"Nogales","""Nogales, AZ""",442,10.2380952380952,149,4.64285714285714
"Gardnerville Ranchos","""Gardnerville Ranchos, NV""",443,13.961038961039,77.5,1.80555555555556
"Tahlequah","""Tahlequah, OK""",444,11.6788321167883,126.5,4.6031746031746
"Canon City","""Ca±on City, CO""",445,14.5969498910675,93,4.24603174603175
"Hillsdale","""Hillsdale, MI""",446,14.2857142857143,116,6.80555555555556
"Ponca City","""Ponca City, OK""",447,14.7058823529412,91,3.96825396825397
"Newport","""Newport, OR""",448,11.0344827586207,168,6.09126984126984
"Wapakoneta","""Wapakoneta, OH""",449,12.9824561403509,122.5,6.11111111111111
"Coldwater","""Coldwater, MI""",450,12.9441624365482,158,7.85714285714286
"Shelbyville","""Shelbyville, TN""",451,8.24372759856631,76,0.0793650793650794
"Marion","""Marion, NC""",452,9.9737532808399,144,3.9484126984127
"Thomasville","""Thomasville, GA""",453,11.9369369369369,149,6.40873015873016
"Pahrump","""Pahrump, NV""",454,11.7647058823529,107,2.53968253968254
"Bucyrus","""Bucyrus, OH""",455,16.40625,156,9.62301587301587
"Cornelia","""Cornelia, GA""",456,6.88405797101449,124,2.02380952380952
"Big Rapids","""Big Rapids, MI""",457,15.8333333333333,187,9.72222222222222
"Alma","""Alma, MI""",458,13.3333333333333,132,7.28174603174603
"Seymour","""Seymour, IN""",459,12.0833333333333,121,4.82142857142857
"Auburn","""Auburn, IN""",460,18.4100418410042,65,4.04761904761905
"Paragould","""Paragould, AR""",461,6.41025641025641,119.5,1.74603174603175
"Lawrenceburg","""Lawrenceburg, TN""",462,9.6234309623431,153.5,4.40476190476191
"Cedartown","""Cedartown, GA""",463,17.9166666666667,141,9.78174603174603
"Port Clinton","""Port Clinton, OH""",464,11.9840213049268,211,7.81746031746032
"Montrose","""Montrose, CO""",465,12.8395061728395,85,1.40873015873016
"Ellensburg","""Ellensburg, WA""",466,8.82352941176471,89,0.277777777777778
"Cullowhee","""Cullowhee, NC""",467,11.7103235747304,247.5,7.48015873015873
"Tifton","""Tifton, GA""",468,13.6363636363636,138,7.91666666666667
"Urbana","""Urbana, OH""",469,14.760147601476,121.5,8.25396825396825
"McMinnville","""McMinnville, TN""",470,6.02836879432624,184.5,4.1468253968254
"Berlin","""Berlin, NH-VT""",471,8.27250608272506,211,4.96031746031746
"Defiance","""Defiance, OH""",472,10.9756097560976,104,1.78571428571429
"Union City","""Union City, TN-KY""",473,11.5942028985507,210.5,7.12301587301587
"Gainesville","""Gainesville, TX""",474,12.093023255814,106.5,2.93650793650794
"Brownwood","""Brownwood, TX""",475,14.3920595533499,129,8.27380952380952
"Stephenville","""Stephenville, TX""",476,16.8539325842697,104,8.09523809523809
"Americus","""Americus, GA""",477,8.78661087866109,167.5,4.22619047619048
"Easton","""Easton, MD""",478,14.1579731743666,164.5,9.00793650793651
"Newberry","""Newberry, SC""",479,14.2201834862385,216.5,9.32539682539683
"Ada","""Ada, OK""",480,9.96309963099631,119.5,2.44047619047619
"Safford","""Safford, AZ""",481,10.6280193236715,137,4.32539682539683
"Bennington","""Bennington, VT""",482,10.635838150289,209,6.25
"Astoria","""Astoria, OR""",483,11.0535405872193,100,1.50793650793651
"Owatonna","""Owatonna, MN""",484,14.344262295082,98,4.88095238095238
"Summit Park","""Summit Park, UT""",485,8.59133126934985,119,1.88492063492063
"Newport","""Newport, TN""",486,10.3857566765579,175,5.71428571428571
"Seneca Falls","""Seneca Falls, NY""",487,13.9130434782609,133,8.03571428571429
"Martin","""Martin, TN""",488,11.969111969112,118,4.00793650793651
"Arcadia","""Arcadia, FL""",489,9.375,94,0.476190476190476
"Angola","""Angola, IN""",490,12.7610208816705,156,7.59920634920635
"Brevard","""Brevard, NC""",491,12.2950819672131,314.5,8.11507936507937
"Cambridge","""Cambridge, MD""",492,11.8143459915612,122,4.52380952380952
"Dayton","""Dayton, TN""",493,10,129,3.19444444444444
"Lewisburg","""Lewisburg, TN""",494,15.028901734104,132,8.88888888888889
"Ludington","""Ludington, MI""",495,12.8252788104089,141.5,7.00396825396825
"Crescent City","""Crescent City, CA""",496,11.2,128,4.20634920634921
"Mineral Wells","""Mineral Wells, TX""",497,11.4349775784753,173,6.50793650793651
"Thomaston","""Thomaston, GA""",498,11.8577075098814,194,7.46031746031746
"Toccoa","""Toccoa, GA""",499,9.15492957746479,100,0.932539682539683
"La Grande","""La Grande, OR""",500,11.8226600985222,114.5,3.37301587301587
"The Dalles","""The Dalles, OR""",501,16.0220994475138,83,4.28571428571429
"Steamboat Springs","""Steamboat Springs, CO""",502,9.4559585492228,119,2.14285714285714
"Prineville","""Prineville, OR""",503,12.7147766323024,94,2.06349206349206
"Vineyard Haven","""Vineyard Haven, MA""",504,9.45121951219512,210,5.29761904761905
